score,repay,group
52,TRUE,blue
54,TRUE,blue
55,TRUE,blue
56,TRUE,blue
57,TRUE,blue
57,TRUE,blue
58,TRUE,blue
58,TRUE,blue
59,TRUE,blue
59,TRUE,blue
59,TRUE,blue
60,TRUE,blue
60,TRUE,blue
60,TRUE,blue
61,TRUE,blue
61,TRUE,blue
61,TRUE,blue
61,TRUE,blue
62,TRUE,blue
62,TRUE,blue
62,TRUE,blue
62,TRUE,blue
62,TRUE,blue
63,TRUE,blue
63,TRUE,blue
63,TRUE,blue
63,TRUE,blue
63,TRUE,blue
63,TRUE,blue
64,TRUE,blue
64,TRUE,blue
64,TRUE,blue
64,TRUE,blue
64,TRUE,blue
64,TRUE,blue
65,TRUE,blue
65,TRUE,blue
65,TRUE,blue
65,TRUE,blue
65,TRUE,blue
65,TRUE,blue
65,TRUE,blue
66,TRUE,blue
66,TRUE,blue
66,TRUE,blue
66,TRUE,blue
66,TRUE,blue
66,TRUE,blue
66,TRUE,blue
66,TRUE,blue
67,TRUE,blue
67,TRUE,blue
67,TRUE,blue
67,TRUE,blue
67,TRUE,blue
67,TRUE,blue
67,TRUE,blue
67,TRUE,blue
68,TRUE,blue
68,TRUE,blue
68,TRUE,blue
68,TRUE,blue
68,TRUE,blue
68,TRUE,blue
68,TRUE,blue
68,TRUE,blue
69,TRUE,blue
69,TRUE,blue
69,TRUE,blue
69,TRUE,blue
69,TRUE,blue
69,TRUE,blue
69,TRUE,blue
69,TRUE,blue
69,TRUE,blue
70,TRUE,blue
70,TRUE,blue
70,TRUE,blue
70,TRUE,blue
70,TRUE,blue
70,TRUE,blue
70,TRUE,blue
70,TRUE,blue
71,TRUE,blue
71,TRUE,blue
71,TRUE,blue
71,TRUE,blue
71,TRUE,blue
71,TRUE,blue
71,TRUE,blue
71,TRUE,blue
72,TRUE,blue
72,TRUE,blue
72,TRUE,blue
72,TRUE,blue
72,TRUE,blue
72,TRUE,blue
72,TRUE,blue
72,TRUE,blue
73,TRUE,blue
73,TRUE,blue
73,TRUE,blue
73,TRUE,blue
73,TRUE,blue
73,TRUE,blue
73,TRUE,blue
73,TRUE,blue
74,TRUE,blue
74,TRUE,blue
74,TRUE,blue
74,TRUE,blue
74,TRUE,blue
74,TRUE,blue
74,TRUE,blue
75,TRUE,blue
75,TRUE,blue
75,TRUE,blue
75,TRUE,blue
75,TRUE,blue
75,TRUE,blue
76,TRUE,blue
76,TRUE,blue
76,TRUE,blue
76,TRUE,blue
76,TRUE,blue
76,TRUE,blue
77,TRUE,blue
77,TRUE,blue
77,TRUE,blue
77,TRUE,blue
77,TRUE,blue
78,TRUE,blue
78,TRUE,blue
78,TRUE,blue
78,TRUE,blue
79,TRUE,blue
79,TRUE,blue
79,TRUE,blue
80,TRUE,blue
80,TRUE,blue
80,TRUE,blue
81,TRUE,blue
81,TRUE,blue
82,TRUE,blue
82,TRUE,blue
83,TRUE,blue
84,TRUE,blue
85,TRUE,blue
87,TRUE,blue
12,FALSE,blue
14,FALSE,blue
15,FALSE,blue
16,FALSE,blue
17,FALSE,blue
17,FALSE,blue
18,FALSE,blue
18,FALSE,blue
19,FALSE,blue
19,FALSE,blue
19,FALSE,blue
20,FALSE,blue
20,FALSE,blue
20,FALSE,blue
21,FALSE,blue
21,FALSE,blue
21,FALSE,blue
21,FALSE,blue
22,FALSE,blue
22,FALSE,blue
22,FALSE,blue
22,FALSE,blue
22,FALSE,blue
23,FALSE,blue
23,FALSE,blue
23,FALSE,blue
23,FALSE,blue
23,FALSE,blue
23,FALSE,blue
24,FALSE,blue
24,FALSE,blue
24,FALSE,blue
24,FALSE,blue
24,FALSE,blue
24,FALSE,blue
25,FALSE,blue
25,FALSE,blue
25,FALSE,blue
25,FALSE,blue
25,FALSE,blue
25,FALSE,blue
25,FALSE,blue
26,FALSE,blue
26,FALSE,blue
26,FALSE,blue
26,FALSE,blue
26,FALSE,blue
26,FALSE,blue
26,FALSE,blue
26,FALSE,blue
27,FALSE,blue
27,FALSE,blue
27,FALSE,blue
27,FALSE,blue
27,FALSE,blue
27,FALSE,blue
27,FALSE,blue
27,FALSE,blue
28,FALSE,blue
28,FALSE,blue
28,FALSE,blue
28,FALSE,blue
28,FALSE,blue
28,FALSE,blue
28,FALSE,blue
28,FALSE,blue
29,FALSE,blue
29,FALSE,blue
29,FALSE,blue
29,FALSE,blue
29,FALSE,blue
29,FALSE,blue
29,FALSE,blue
29,FALSE,blue
29,FALSE,blue
30,FALSE,blue
30,FALSE,blue
30,FALSE,blue
30,FALSE,blue
30,FALSE,blue
30,FALSE,blue
30,FALSE,blue
30,FALSE,blue
31,FALSE,blue
31,FALSE,blue
31,FALSE,blue
31,FALSE,blue
31,FALSE,blue
31,FALSE,blue
31,FALSE,blue
31,FALSE,blue
32,FALSE,blue
32,FALSE,blue
32,FALSE,blue
32,FALSE,blue
32,FALSE,blue
32,FALSE,blue
32,FALSE,blue
32,FALSE,blue
33,FALSE,blue
33,FALSE,blue
33,FALSE,blue
33,FALSE,blue
33,FALSE,blue
33,FALSE,blue
33,FALSE,blue
33,FALSE,blue
34,FALSE,blue
34,FALSE,blue
34,FALSE,blue
34,FALSE,blue
34,FALSE,blue
34,FALSE,blue
34,FALSE,blue
35,FALSE,blue
35,FALSE,blue
35,FALSE,blue
35,FALSE,blue
35,FALSE,blue
35,FALSE,blue
36,FALSE,blue
36,FALSE,blue
36,FALSE,blue
36,FALSE,blue
36,FALSE,blue
36,FALSE,blue
37,FALSE,blue
37,FALSE,blue
37,FALSE,blue
37,FALSE,blue
37,FALSE,blue
38,FALSE,blue
38,FALSE,blue
38,FALSE,blue
38,FALSE,blue
39,FALSE,blue
39,FALSE,blue
39,FALSE,blue
40,FALSE,blue
40,FALSE,blue
40,FALSE,blue
41,FALSE,blue
41,FALSE,blue
42,FALSE,blue
42,FALSE,blue
43,FALSE,blue
44,FALSE,blue
45,FALSE,blue
47,FALSE,blue
88,FALSE,blue
35,TRUE,orange
37,TRUE,orange
39,TRUE,orange
40,TRUE,orange
41,TRUE,orange
42,TRUE,orange
43,TRUE,orange
43,TRUE,orange
44,TRUE,orange
44,TRUE,orange
45,TRUE,orange
45,TRUE,orange
46,TRUE,orange
46,TRUE,orange
47,TRUE,orange
47,TRUE,orange
47,TRUE,orange
48,TRUE,orange
48,TRUE,orange
48,TRUE,orange
49,TRUE,orange
49,TRUE,orange
49,TRUE,orange
50,TRUE,orange
50,TRUE,orange
50,TRUE,orange
50,TRUE,orange
51,TRUE,orange
51,TRUE,orange
51,TRUE,orange
51,TRUE,orange
52,TRUE,orange
52,TRUE,orange
52,TRUE,orange
52,TRUE,orange
52,TRUE,orange
53,TRUE,orange
53,TRUE,orange
53,TRUE,orange
53,TRUE,orange
53,TRUE,orange
54,TRUE,orange
54,TRUE,orange
54,TRUE,orange
54,TRUE,orange
54,TRUE,orange
55,TRUE,orange
55,TRUE,orange
55,TRUE,orange
55,TRUE,orange
55,TRUE,orange
56,TRUE,orange
56,TRUE,orange
56,TRUE,orange
56,TRUE,orange
56,TRUE,orange
56,TRUE,orange
57,TRUE,orange
57,TRUE,orange
57,TRUE,orange
57,TRUE,orange
57,TRUE,orange
57,TRUE,orange
58,TRUE,orange
58,TRUE,orange
58,TRUE,orange
58,TRUE,orange
58,TRUE,orange
58,TRUE,orange
59,TRUE,orange
59,TRUE,orange
59,TRUE,orange
59,TRUE,orange
59,TRUE,orange
59,TRUE,orange
60,TRUE,orange
60,TRUE,orange
60,TRUE,orange
60,TRUE,orange
60,TRUE,orange
61,TRUE,orange
61,TRUE,orange
61,TRUE,orange
61,TRUE,orange
61,TRUE,orange
61,TRUE,orange
62,TRUE,orange
62,TRUE,orange
62,TRUE,orange
62,TRUE,orange
62,TRUE,orange
62,TRUE,orange
63,TRUE,orange
63,TRUE,orange
63,TRUE,orange
63,TRUE,orange
63,TRUE,orange
63,TRUE,orange
64,TRUE,orange
64,TRUE,orange
64,TRUE,orange
64,TRUE,orange
64,TRUE,orange
65,TRUE,orange
65,TRUE,orange
65,TRUE,orange
65,TRUE,orange
65,TRUE,orange
66,TRUE,orange
66,TRUE,orange
66,TRUE,orange
66,TRUE,orange
66,TRUE,orange
67,TRUE,orange
67,TRUE,orange
67,TRUE,orange
67,TRUE,orange
67,TRUE,orange
68,TRUE,orange
68,TRUE,orange
68,TRUE,orange
68,TRUE,orange
69,TRUE,orange
69,TRUE,orange
69,TRUE,orange
69,TRUE,orange
70,TRUE,orange
70,TRUE,orange
70,TRUE,orange
71,TRUE,orange
71,TRUE,orange
71,TRUE,orange
72,TRUE,orange
72,TRUE,orange
72,TRUE,orange
73,TRUE,orange
73,TRUE,orange
74,TRUE,orange
74,TRUE,orange
75,TRUE,orange
75,TRUE,orange
76,TRUE,orange
76,TRUE,orange
77,TRUE,orange
78,TRUE,orange
79,TRUE,orange
80,TRUE,orange
82,TRUE,orange
84,TRUE,orange
15,FALSE,orange
17,FALSE,orange
19,FALSE,orange
20,FALSE,orange
21,FALSE,orange
22,FALSE,orange
23,FALSE,orange
23,FALSE,orange
24,FALSE,orange
24,FALSE,orange
25,FALSE,orange
25,FALSE,orange
26,FALSE,orange
26,FALSE,orange
27,FALSE,orange
27,FALSE,orange
27,FALSE,orange
28,FALSE,orange
28,FALSE,orange
28,FALSE,orange
29,FALSE,orange
29,FALSE,orange
29,FALSE,orange
30,FALSE,orange
30,FALSE,orange
30,FALSE,orange
30,FALSE,orange
31,FALSE,orange
31,FALSE,orange
31,FALSE,orange
31,FALSE,orange
32,FALSE,orange
32,FALSE,orange
32,FALSE,orange
32,FALSE,orange
32,FALSE,orange
33,FALSE,orange
33,FALSE,orange
33,FALSE,orange
33,FALSE,orange
33,FALSE,orange
34,FALSE,orange
34,FALSE,orange
34,FALSE,orange
34,FALSE,orange
34,FALSE,orange
35,FALSE,orange
35,FALSE,orange
35,FALSE,orange
35,FALSE,orange
35,FALSE,orange
36,FALSE,orange
36,FALSE,orange
36,FALSE,orange
36,FALSE,orange
36,FALSE,orange
36,FALSE,orange
37,FALSE,orange
37,FALSE,orange
37,FALSE,orange
37,FALSE,orange
37,FALSE,orange
37,FALSE,orange
38,FALSE,orange
38,FALSE,orange
38,FALSE,orange
38,FALSE,orange
38,FALSE,orange
38,FALSE,orange
39,FALSE,orange
39,FALSE,orange
39,FALSE,orange
39,FALSE,orange
39,FALSE,orange
39,FALSE,orange
40,FALSE,orange
40,FALSE,orange
40,FALSE,orange
40,FALSE,orange
40,FALSE,orange
41,FALSE,orange
41,FALSE,orange
41,FALSE,orange
41,FALSE,orange
41,FALSE,orange
41,FALSE,orange
42,FALSE,orange
42,FALSE,orange
42,FALSE,orange
42,FALSE,orange
42,FALSE,orange
42,FALSE,orange
43,FALSE,orange
43,FALSE,orange
43,FALSE,orange
43,FALSE,orange
43,FALSE,orange
43,FALSE,orange
44,FALSE,orange
44,FALSE,orange
44,FALSE,orange
44,FALSE,orange
44,FALSE,orange
45,FALSE,orange
45,FALSE,orange
45,FALSE,orange
45,FALSE,orange
45,FALSE,orange
46,FALSE,orange
46,FALSE,orange
46,FALSE,orange
46,FALSE,orange
46,FALSE,orange
47,FALSE,orange
47,FALSE,orange
47,FALSE,orange
47,FALSE,orange
47,FALSE,orange
48,FALSE,orange
48,FALSE,orange
48,FALSE,orange
48,FALSE,orange
49,FALSE,orange
49,FALSE,orange
49,FALSE,orange
49,FALSE,orange
50,FALSE,orange
50,FALSE,orange
50,FALSE,orange
51,FALSE,orange
51,FALSE,orange
51,FALSE,orange
52,FALSE,orange
52,FALSE,orange
52,FALSE,orange
53,FALSE,orange
53,FALSE,orange
54,FALSE,orange
54,FALSE,orange
55,FALSE,orange
55,FALSE,orange
56,FALSE,orange
56,FALSE,orange
57,FALSE,orange
58,FALSE,orange
59,FALSE,orange
60,FALSE,orange
62,FALSE,orange
64,FALSE,orange
